testcase,1,2,best
0,1.6128e-05,1.376e-05,1.3024e-05
1,0.0001584,0.000144832,0.000118816
2,1.3952e-05,1.0624e-05,9.952e-06
3,0.000122496,0.000116192,7.2352e-05
4,0.000237792,0.000236512,0.000206112
5,0.000173792,0.000160736,0.000112032
